district_id,subcounty_id,parish_id,year,subcounty,parish,school_name,ownership,divi_male,divi_female,divi_total,divii_male,divii_female,divii_total,diviii_male,diviii_female,diviii_total,diviv_male,diviv_female,diviv_total,divu_male,divu_female,divu_total,divx_male,divx_female,divx_total,total
d102,s102,p109,2020,Bbaale,Bbaale,Bbaale CU  Primary School,Government,2,0,2,27,20,47,10,12,22,4,4,8,5,5,10,0,0,0,89
d102,s102,p111,2020,Bbaale,Kavule,Gayaza CU Primary School,Government,1,0,1,14,11,25,10,5,15,3,2,5,3,1,4,1,2,3,53
d102,s102,p110,2020,Bbaale,Misanga,Misanga COU Primary School,Government,0,0,0,1,4,5,0,3,3,3,2,5,0,0,0,2,3,5,18
d102,s102,p112,2020,Bbaale,Mugongo,Mugongo Primary School,Government,0,0,0,1,4,5,0,3,3,3,2,5,0,0,0,2,3,5,18
d102,s102,p111,2020,Bbaale,Kavule,Namataala Priamry School,Government,1,0,1,6,3,9,10,6,16,10,9,19,11,9,20,3,4,7,72
d102,s105,p115,2020,Busaana,Kasana,Bugaddu CU Primary School,Government,2,1,3,14,16,30,10,18,28,15,12,27,14,10,24,2,1,3,115
d102,s105,p116,2020,Busaana,Nabuganyi,Bumaali Church Of Uganda Primary School,Government,3,2,5,29,32,61,20,19,39,15,13,28,7,7,14,3,1,4,151
d102,s110,p158,2020,Busaana tc,Kasana ward,Busaana  Parents Primary School,Private,14,7,21,15,9,24,0,0,0,0,0,0,0,0,0,0,0,0,45
d102,s105,p115,2020,Busaana,Kasana,Busaana CU Primary School,Government,3,2,5,29,32,61,19,10,29,13,15,28,4,10,14,3,1,4,141
d102,s105,p115,2020,Busaana,Kasana,Busaana RC Primary School,Government,0,0,0,3,2,5,3,5,8,5,0,5,4,3,7,1,0,1,26
d102,s105,p121,2020,Busaana,Lusenke,Buyungirizi RC Primary School,Government,0,0,0,3,2,5,4,2,6,3,3,6,3,3,6,0,0,0,23
d102,s105,p115,2020,Busaana,Kasana,Kasana Church Of Uganda Primary School,Government,3,1,4,22,24,46,5,6,11,6,13,19,2,4,6,2,2,4,90
d102,s105,p115,2020,Busaana,Kasana,Kasana RC Primary School,Government,0,0,0,1,0,1,0,0,0,3,2,5,5,3,8,0,1,1,15
d102,s105,p121,2020,Busaana,Lusenke,Kibuzi Church Of Uganda Primary School,Government,0,0,0,8,7,15,5,4,9,9,3,12,3,3,6,1,1,2,44
d102,s105,p121,2020,Busaana,Lusenke,Kibuzi RC Primary School,Government,0,0,0,5,2,7,1,0,1,2,2,4,6,4,10,2,1,3,25
d102,s105,p122,2020,Busaana,Nampanyi,Kireku COU Primary School,Government,0,0,0,5,4,9,4,3,7,8,6,14,8,8,16,0,0,0,46
d102,s105,p118,2020,Busaana,Kiwangula,Kiwangula COU Primary School,Government,0,1,1,10,6,16,6,4,10,7,5,12,2,3,5,0,0,0,44
d102,s105,p118,2020,Busaana,Kiwangula,Kiwangula RC Primary School,Government,0,0,0,12,4,16,4,7,11,3,5,8,2,3,5,0,0,0,40
d102,s105,p117,2020,Busaana,Namukuma,Kyayaye RC Primary School,Government,0,0,0,3,2,5,6,4,10,8,4,12,10,16,26,0,0,0,53
d102,s105,p121,2020,Busaana,Lusenke,Kyengera CU Primary School,Government,0,0,0,6,5,11,3,2,5,8,4,12,11,9,20,0,1,1,49
d102,s105,p116,2020,Busaana,Nabuganyi,Nabuganyi COU Primary School,Government,0,0,0,16,10,26,10,13,23,6,4,10,2,2,4,0,0,0,63
d102,s105,p116,2020,Busaana,Nabuganyi,Nabuganyi RC Primary School,Government,0,0,0,6,5,11,8,7,15,5,3,8,0,0,0,0,0,0,34
d102,s105,p122,2020,Busaana,Nampanyi,Nakakandwa COU Primary School,Government,0,0,0,2,1,3,4,2,6,8,7,15,8,6,14,0,1,1,39
d102,s105,p122,2020,Busaana,Nampanyi,Nakakandwa RC Primary School,Government,0,0,0,1,2,3,2,4,6,5,10,15,5,9,14,1,0,1,39
d102,s105,p118,2020,Busaana,Kiwangula,Nakatovu COU Primary School,Government,0,0,0,1,0,1,4,2,6,1,1,2,7,6,13,0,1,1,23
d102,s105,p119,2020,Busaana,Namirembe,Namirembe COU Primary School,Government,0,0,0,2,1,3,7,4,11,5,4,9,6,4,10,0,0,0,33
d102,s105,p120,2020,Busaana,Namusaala,Namusaala COU Primary School,Government,1,0,1,29,20,49,15,14,29,20,12,32,17,30,47,2,3,5,163
d102,s105,p120,2020,Busaana,Namusaala,Namutya COU Primary School,Government,0,0,0,4,3,7,8,7,15,11,9,20,12,10,22,0,0,0,64
d102,s105,p117,2020,Busaana,Namukuma,Nangabo COU Primary School,Government,0,0,0,4,2,6,3,1,4,2,0,2,2,2,4,0,0,0,16
d102,s110,p158,2020,Busaana tc,Kasana ward,Noble Hill Primary School,Private,2,1,3,20,17,37,10,6,16,5,5,10,4,1,5,1,0,1,72
d102,s105,p118,2020,Busaana,Kiwangula,St. Josephs BuyungirIzi RC Primary School,Government,,,0,,,0,,,0,,,0,,,0,,,0,0
d102,s105,p121,2020,Busaana,Lusenke,St. Peter's Primary School Lusenke,Government,0,0,0,4,2,6,2,1,3,3,3,6,3,1,4,0,1,1,20
d102,s101,p123,2020,Galiraya,Galiraya,Galiraya  Primary School,Government,2,1,3,14,13,27,9,9,18,7,7,14,7,4,11,1,0,1,74
d102,s101,p125,2020,Galiraya,Kasokwe,Kasokwe CU Primary School,Government,3,2,5,4,10,14,5,5,10,5,4,9,10,8,18,0,1,1,57
d102,s101,p127,2020,Galiraya,Kirasa,Kirasa Primary School,Government,0,2,2,2,0,2,3,0,3,2,1,3,3,5,8,0,0,0,18
d102,s101,p126,2020,Galiraya,Namayunge,Nakatuli Primary School,Government,0,0,0,0,1,1,1,6,7,1,1,2,3,3,6,0,1,1,17
d102,s101,p124,2020,Galiraya,Namalere,Namalere Primary School,Government,4,3,7,32,28,60,7,6,13,1,0,1,0,0,0,0,0,0,81
d102,s101,p126,2020,Galiraya,Namayunge,Namayuge Primary School,Government,0,0,0,1,6,7,9,17,26,6,2,8,13,7,20,1,1,2,63
d102,s101,p128,2020,Galiraya,Ntimba,Ntimba  Primary School,Government,0,0,0,6,4,10,10,7,17,9,6,15,11,11,22,0,1,1,65
d102,s101,p123,2020,Galiraya,Galiraya,St. Kizito Kidibya Primary School,Government,0,0,0,4,4,8,10,9,19,5,3,8,8,5,13,1,0,1,49
d102,s107,p130,2020,Kangulumira,Kawomya,Bukeeka COU Primary School,Government,9,6,15,20,31,51,10,7,17,3,3,4,0,2,2,1,1,2,91
d102,s112,p165,2020,Kangulumira tc,Kangulumira ward,Catherine Primary School,Private,1,0,1,9,9,18,2,1,3,1,0,6,0,0,0,0,0,0,28
d102,s107,p131,2020,Kangulumira,Seeta-Nyiize,Fountain of Hope Primary School,Private,16,14,30,20,19,39,1,0,1,0,0,1,0,0,0,0,0,0,71
d102,s112,p167,2020,Kangulumira tc,Nakatundu ward,Kamuli UMEA Primary School,Government,9,5,14,30,26,56,13,21,34,12,30,14,7,11,18,2,2,4,140
d102,s112,p165,2020,Kangulumira tc,Kangulumira ward,Kangulumira CU Primary School,Government,,,0,,,0,,,0,,,4,,,0,,,0,4
d102,s112,p165,2020,Kangulumira tc,Kangulumira ward,Kangulumira Muslim Primary School,Government,2,1,3,28,22,50,20,15,35,15,15,22,10,11,21,2,4,6,137
d102,s112,p165,2020,Kangulumira tc,Kangulumira ward,Kangulumira RC Primary School,Government,2,0,2,40,21,61,4,2,6,20,13,27,0,0,0,1,2,3,99
d102,s112,p165,2020,Kangulumira tc,Kangulumira ward,Kasambya Moslem Primary School,Government,0,0,0,4,4,8,2,7,9,2,8,5,2,4,6,0,0,0,28
d102,s112,p166,2020,Kangulumira tc,Kigayaza ward,Kigayaza COU Primary School,Government,0,0,0,8,3,11,2,1,3,2,4,5,4,3,7,1,2,3,29
d102,s107,p129,2020,Kangulumira,Kikwanya,Kimooli UMEA Primary School,Government,1,0,1,15,13,28,10,7,17,12,13,15,10,7,17,0,0,0,78
d102,s107,p130,2020,Kangulumira,Kawomya,Kungu CU Primary School,Government,0,0,0,1,1,2,1,1,2,7,3,12,5,4,9,1,0,1,26
d102,s107,p130,2020,Kangulumira,Kawomya,Maligita Primary School,Government,0,0,0,1,5,6,7,9,16,5,8,14,0,0,0,11,7,18,54
d102,s107,p131,2020,Kangulumira,Seeta-Nyiize,Nakirubi COU Primary School,Private,1,1,2,12,10,22,8,6,14,2,1,12,5,6,11,0,0,0,61
d102,s112,p165,2020,Kangulumira tc,Kangulumira ward,New ABC Devine Foundation,Private,100,79,179,16,15,31,0,0,0,0,0,2,0,0,0,0,1,1,213
d102,s112,p167,2020,Kangulumira tc,Nakatundu ward,Nongo COU Primary School Kangulumira,Government,,,0,,,0,,,0,,,11,,,0,,,0,11
d102,s107,p131,2020,Kangulumira,Seeta-Nyiize,Nyiize COU Primary School,Government,3,5,8,19,17,36,3,5,8,5,5,6,0,0,0,4,1,5,63
d102,s107,p131,2020,Kangulumira,Seeta-Nyiize,Nyiize RC Primary School,Government,0,0,0,6,5,11,4,4,8,8,7,12,8,4,12,1,0,1,44
d102,s107,p131,2020,Kangulumira,Seeta-Nyiize,St. Marys Child Empowerment,Private,0,0,0,5,3,8,2,1,3,1,1,1,1,2,3,0,0,0,15
d102,s103,p151,2020,Kayonza,Kamusabi,Bugato RC Primary School,Government,1,0,1,9,4,13,10,3,13,3,3,6,4,4,8,0,0,0,41
d102,s103,p153,2020,Kayonza,Kitwe,Bugoma Primary School,Government,0,0,0,0,0,0,0,0,0,3,2,5,4,1,5,3,3,6,16
d102,s103,p157,2020,Kayonza,Namizo,Bujwaaya CU Primary School,Government,0,0,0,1,2,3,1,1,2,3,3,6,4,6,10,0,0,0,21
d102,s103,p149,2020,kayonza,Balisanga,Bwalala Primary School,Government,0,0,0,13,7,20,1,0,1,0,1,1,0,0,0,0,1,1,23
d102,s103,p151,2020,Kayonza,Kamusabi,Kamusabi Primary School,Government,0,0,0,1,1,2,1,1,2,5,4,9,2,4,6,0,1,1,20
d102,s103,p156,2020,Kayonza,Namaliri,Kawolokota COU Primary School,Government,0,0,0,4,2,6,10,6,16,10,8,18,11,5,16,1,2,3,59
d102,s103,p156,2020,Kayonza,Namaliri,Kawolokota RC Primary School,Government,0,0,0,9,7,16,5,9,14,7,10,17,3,22,25,0,4,4,76
d102,s103,p156,2020,Kayonza,Namaliri,Kayonza Primary School,Government,,,0,,,0,,,0,,,0,,,0,,,0,0
d102,s103,p155,2020,Kayonza,Nakyesanja,Kirimantoogo Primary School,Government,0,0,0,1,0,1,3,1,4,9,2,11,9,6,15,1,1,2,33
d102,s103,p153,2020,Kayonza,Kitwe,Kitwe RC Primary School,Government,,,0,,,0,,,0,,,0,,,0,,,0,0
d102,s103,p157,2020,Kayonza,Namizo,Kyebuye RC Primary School,Private,0,0,0,3,2,5,4,3,7,7,8,15,3,3,6,0,4,4,37
d102,s103,p156,2020,Kayonza,Namaliri,Lugasa Primary School,Private,1,0,1,9,7,16,5,4,9,4,2,6,0,1,1,0,0,0,33
d102,s103,p151,2020,Kayonza,Kamusabi,Lukonda Public Primary School,Government,0,0,0,1,0,1,2,2,4,1,1,2,4,5,9,0,1,1,17
d102,s103,p152,2020,Kayonza,Kanywero,Lwabyata Parents Primary School,Government,0,0,0,4,3,7,5,3,8,4,3,7,8,7,15,1,0,1,38
d102,s103,p154,2020,Kayonza,Nakyesa,Nakyessa Bright Primary School,Government,1,0,1,13,10,23,7,8,15,3,6,9,2,3,5,1,0,1,54
d102,s103,p154,2020,Kayonza,Nakyesa,Nakyessa Day And Boarding Primary School,Private,0,0,0,4,8,12,3,2,5,4,4,8,0,0,0,0,1,1,26
d102,s103,p154,2020,Kayonza,Nakyesa,Nakyessa Moslem Primary School,Government,0,0,0,5,3,8,6,3,9,15,16,31,7,18,25,0,2,2,75
d102,s103,p154,2020,Kayonza,Nakyesa,Namatogonya COU Primary School,Government,0,0,0,0,0,0,1,0,1,7,3,10,6,13,19,0,2,2,32
d102,s103,p157,2020,Kayonza,Namizo,Namavundu RC Primary School,Private,0,0,,2,0,2,2,8,10,4,8,12,3,7,10,0,0,0,34
d102,s103,p157,2020,Kayonza,Namizo,Namiizo UMEA Primary School,Government,0,0,,3,0,3,3,8,11,1,3,4,3,5,8,0,1,1,27
d102,s103,p150,2020,Kayonza,Kafumba,Nyondo RC Primary School, Government,0,0,,0,0,0,2,3,5,6,2,8,3,0,3,0,0,0,16
d102,s103,p156,2020,Kayonza,Namaliri,St. Jude Kayonza RC Primary School,Government,0,0,,4,2,6,1,1,2,3,2,5,5,3,8,0,0,0,21
d102,s103,p152,2020,Kayonza,Kanywero,Wabunyonyi COU Primary School ,Government,0,1,,3,4,7,6,4,10,5,3,8,15,5,20,0,0,0,45
d102,s103,p152,2020,Kayonza,Kanywero,Wunga CU Primary School,Government,0,0,,0,3,3,2,9,11,5,5,10,3,26,29,1,3,4,57
d102,s108,p107,2020,Kayunga,Bukujju,Bukujju UMEA Primary School,Government,0,0,0,2,2,4,2,0,2,4,4,8,8,7,15,2,2,4,33
d102,s108,p103,2020,Kayunga,Bukolooto,St. Anthony G. Junior School,Private,,,0,,,0,,,0,,,0,,,0,,,0,0
d102,s108,p103,2020,Kayunga,Bukolooto,Lion of Judah Primary School,Private,,,0,,,0,,,0,,,0,,,0,,,0,0
d102,s108,p102,2020,Kayunga ,Busaale,Ssekagya Islamic Primary School,Government,11,10,21,22,19,41,4,4,8,4,4,8,1,2,3,2,0,2,83
d102,s108,p103,2020,Kayunga,Bukolooto,Ssezibwa COU Primary School,Government,1,0,1,6,2,8,3,4,7,2,3,5,0,0,0,5,5,10,31
d102,s108,p102,2020,Kayunga ,Busaale,Busaale COU Primary School,Government,2,0,2,2,5,7,6,4,10,6,4,10,1,11,12,0,1,1,42
d102,s108,p106,2020,Kayunga ,Nsotoka,Obadiah Sajjabi Community School,Private,0,0,0,20,12,32,6,4,10,10,7,17,13,8,21,3,2,5,85
d102,s108,p105,2020,Kayunga ,Buyobe,Buwungiro Primary School,Government,0,0,0,1,0,1,4,2,6,0,0,0,9,11,20,0,0,0,27
d102,s108,p103,2020,Kayunga,Bukolooto,Bwetyaba RC Primary School,Government,1,2,3,22,23,45,0,2,2,1,0,1,0,0,0,0,0,0,51
d102,s108,p105,2020,Kayunga ,Buyobe,Kanjuki COU Primary School,Government,0,0,0,18,12,30,9,9,18,5,4,9,2,2,4,1,0,1,62
d102,s108,p105,2020,Kayunga ,Buyobe,Kanjuki RC Primary School,Government,0,0,0,2,0,2,2,2,4,4,3,7,7,8,15,1,1,2,30
d102,s108,p105,2020,Kayunga ,Buyobe,Kanjuki UMEA Primary School,Government,0,0,0,10,21,31,1,6,7,1,0,1,1,0,1,0,0,0,40
d102,s108,p106,2020,Kayunga ,Nsotoka,Nsotoka Islamic Primary School,Private,0,1,1,7,7,14,6,4,10,3,2,5,1,2,3,0,1,1,34
d102,s108,p106,2020,Kayunga ,Nsotoka,Kiwooza COU Primary School,Government,0,0,0,4,4,8,8,6,14,4,3,7,3,4,7,1,0,1,37
d102,s108,p106,2020,Kayunga ,Nsotoka,Mataba Muslim Quran School,Private,1,0,1,20,19,39,4,2,6,5,5,10,0,0,0,0,1,1,57
d102,s108,p105,2020,Kayunga ,Buyobe,Kyanya COU Primary School,Government,0,0,0,1,2,3,1,1,2,1,3,4,6,4,10,1,0,1,20
d102,s108,p101,2020,Kayunga ,Bubajjwe,Mugema Primary School, Government,0,0,0,20,14,34,2,11,13,10,17,27,0,0,0,3,9,12,86
d102,s108,p104,2020,Kayunga ,Nakaseeta,Nakaziba COU Primary School, Government,0,0,0,4,0,4,7,2,9,1,7,,2,0,2,0,0,0,15
d102,s108,p106,2020,Kayunga ,Nsotoka,Namulanda COU Primary School,Government,0,0,0,5,1,6,3,2,,4,2,,5,4,9,0,0,0,15
d102,s108,p106,2020,Kayunga ,Nsotoka,Namulanda RC Primary School,Government,0,0,0,1,0,1,4,0,,12,5,,3,2,5,0,2,2,8
d102,s108,p103,2020,Kayunga,Bukolooto,Nawandagala RC Primary School,Government,0,0,0,4,2,6,5,3,,3,2,,5,4,,0,1,1,7
d102,s109,p145,2020,Kayunga tc,Bukoloto ward,Star Academy Primary School,Private,1,1,2,13,10,23,2,0,2,2,2,4,0,1,1,2,0,2,34
d102,s109,p145,2020,Kayunga tc,Bukoloto ward,Aunty Vicky Primary School,Private,0,0,0,12,12,24,4,3,7,8,2,10,6,6,12,0,0,0,53
d102,s109,p148,2020,Kayunga tc,Namagabi ward,Ndeeba COU Primary School,Government,2,2,4,19,34,53,5,8,13,2,2,4,0,0,0,1,1,2,76
d102,s109,p148,2020,Kayunga tc,Namagabi ward,Namagabi UMEA Primary School,Government,3,3,6,31,21,52,10,12,22,3,9,12,1,2,3,1,0,1,96
d102,s109,p148,2020,Kayunga tc,Namagabi ward,Namagabi Bishop Brown Primary School,Government,0,1,1,10,19,29,0,3,3,1,0,1,0,0,0,1,1,2,36
d102,s109,p148,2020,Kayunga tc,Namagabi ward,Kayunga Mixed Primary School,Government,0,1,1,10,14,24,2,1,3,1,1,2,1,0,1,0,0,0,31
d102,s109,p148,2020,Kayunga tc,Namagabi ward,Kayunga Girls Primary School,Government,,,0,,,0,,,0,,,0,,,0,,,0,0
d102,s109,p148,2020,Kayunga tc,Namagabi ward,Gospel Valley Primary School,Private,9,9,18,1,0,1,0,0,0,0,0,0,0,0,0,0,0,0,19
d102,s109,p146,2020,Kayunga tc,Ntenjeru ward,Tente Primary School,Government,15,7,22,20,24,44,4,4,8,4,3,7,0,1,1,1,0,1,83
d102,s109,p146,2020,Kayunga tc,Ntenjeru ward,St. Regina Primary School ,Private,11,13,24,8,8,16,0,0,0,0,0,0,0,0,0,0,0,0,40
d102,s109,p147,2020,Kayunga tc,Central ward,Hope Primary School,Private,9,7,16,12,10,22,0,0,0,0,0,0,0,0,0,1,2,3,41
d102,s104,p144,2020,Kitimbwa,Nakivubo,Bisaka CU  Primary School,Government,0,0,0,2,1,3,8,6,14,1,2,3,6,7,13,0,0,0,33
d102,s104,p143,2020,Kitimbwa,Nkokonjeru,Bulawula Primary School,Government,1,0,1,2,0,2,4,4,8,3,2,5,7,8,15,1,2,3,34
d102,s104,p139,2020,Kitimbwa,Kitatya,Kitatya CU  Primary School,Government,2,1,3,20,13,33,9,9,18,12,8,20,13,10,23,3,4,7,104
d102,s104,p139,2020,Kitimbwa,Kitatya,Kitatya RC Primary School,Government,0,0,0,15,13,28,14,13,27,5,2,7,4,2,6,0,0,0,68
d102,s113,p170,2020,Kitimbwa tc,Wabuyinja ward,Kitimbwa CU Primary School,Government,0,0,0,1,1,2,3,5,8,5,5,10,10,17,27,0,2,2,49
d102,s113,p170,2020,Kitimbwa tc,Wabuyinja ward,Kitimbwa Light SDA Primary School,Government,0,1,1,15,21,36,4,7,11,4,2,6,0,1,1,0,1,1,56
d102,s113,p170,2020,Kitimbwa tc,Wabuyinja ward,Kitimbwa RC Primary School ,Government,0,0,0,11,10,21,12,13,25,7,2,9,2,4,6,0,0,0,61
d102,s113,p170,2020,Kitimbwa tc,Wabuyinja ward,Kitimbwa UMEA Primary School,Government,0,0,0,0,1,1,2,4,6,1,4,5,2,6,8,1,0,1,21
d102,s104,p142,2020,Kitimbwa,Kyerima,Kyerima UMEA Primary School,Government,0,0,0,6,6,12,7,6,13,4,2,6,3,5,8,1,2,3,42
d102,s113,p170,2020,Kitimbwa tc,Wabuyinja ward,Kyetume High Primary School,Government,1,0,1,5,4,9,8,6,14,6,8,14,15,13,28,1,2,3,69
d102,s104,p142,2020,Kitimbwa,Kyerima,Nakaseeta COU Primary School,Government,0,0,0,0,0,0,1,1,2,1,1,2,6,4,10,0,1,1,15
d102,s104,p144,2020,Kitimbwa,Nakivubo,Nakivubo COU Primary School,Government,0,0,0,4,4,8,6,5,11,4,10,14,25,26,51,7,5,12,96
d102,s104,p144,2020,Kitimbwa,Nakivubo,Nakivubo UMEA Primary School,Government,,,0,,,0,,,0,,,0,,,0,,,0,0
d102,s104,p142,2020,Kitimbwa,Kyerima,Namabbuga RC Primary School,Government,0,0,0,2,1,3,3,1,4,3,0,3,8,6,14,0,5,5,29
d102,s104,p140,2020,Kitimbwa,Namulaba,Namulaba COU Primary School, Government,0,0,0,2,1,3,3,1,4,3,0,3,8,6,14,0,5,5,29
d102,s104,p140,2020,Kitimbwa,Namulaba,Namulaba UMEA Primary School, Government,0,0,0,8,7,15,7,5,12,3,2,5,0,0,0,0,9,9,41
d102,s113,p170,2020,Kitimbwa tc,Wabuyinja ward,Kyetume Kabaganda Primary School,Government,0,0,0,7,9,16,3,8,11,3,4,7,2,8,10,0,1,1,45
d102,s104,p142,2020,Kitimbwa,Kyerima,Nanjwenge CU Primary School,Private,0,0,0,1,0,1,1,1,2,2,2,4,7,5,12,0,1,1,20
d102,s104,p142,2020,Kitimbwa,Kyerima,Mt. Carmel Primary School,Private,2,1,3,23,20,43,20,16,36,6,5,11,10,15,25,2,2,4,122
d102,s104,p140,2020,Kitimbwa,Namulaba,Nongo CU Primary School Kitimbwa, Government,0,0,0,1,0,1,0,2,2,1,3,4,4,4,8,0,1,1,16
d102,s104,p140,2020,Kitimbwa,Namulaba,St. Martins Nongo RC Primary School, Government,,,0,,,0,,,0,,,0,,,0,,,0,0
d102,s104,p141,2020,Kitimbwa,Wabwoko,Wabwoko CU Primary School,Government,5,4,9,6,5,11,4,2,6,7,5,12,21,17,38,1,3,4,80
d102,s104,p142,2020,Kitimbwa,Kyerima,Kyerima CU Primary School,Government,1,2,3,15,10,25,10,12,22,5,8,13,3,8,11,0,2,2,76
d102,s106,p132,2020,Nazigo,Bukamba,Bukamba Noor islamic Primary School,Private,,,0,,,0,,,0,,,0,,,0,,,0,0
d102,s106,p132,2020,Nazigo,Bukamba,Bukamba Primary School,Government,0,0,0,4,3,7,4,5,9,13,7,20,0,0,0,9,23,32,68
d102,s106,p133,2020,Nazigo,Kirindi,Kikonyogo Primary School,Government,0,0,0,2,2,4,3,3,6,3,2,5,3,1,4,0,0,0,19
d102,s106,p137,2020,Nazigo,Kimanya,Kimanya COU Primary School,Government,0,0,0,6,6,12,2,11,13,3,10,13,1,7,8,0,0,0,46
d102,s106,p136,2020,Nazigo,Nateeta,Kiribedda CU Primary School,Government,0,0,0,0,0,0,2,1,3,4,3,7,4,2,6,0,0,0,16
d102,s106,p132,2020,Nazigo,Bukamba,Kisa Primary School,Private,0,0,0,10,9,19,11,11,22,3,2,5,2,5,7,0,0,0,53
d102,s106,p132,2020,Nazigo,Bukamba,Kiswa RC Primary School,Government,0,0,0,4,4,8,5,4,9,4,5,9,8,9,17,0,1,1,44
d102,s106,p137,2020,Nazigo,Kimanya,Kiziika  CU Primary School,Government,2,0,2,10,6,16,6,7,13,4,4,8,6,5,11,1,1,2,52
d102,s106,p134,2020,Nazigo,Nsiima,Kotwe Taqwa Islamic Primary School,Private,20,13,33,40,22,62,2,1,3,1,1,2,0,0,0,0,2,2,102
d102,s106,p138,2020,Nazigo,Nazigo,Kyampisi COU Primary School,Government,1,0,1,6,13,19,11,7,18,0,0,0,0,0,0,0,0,0,38
d102,s106,p138,2020,Nazigo,Nazigo,Magala RC Primary School,Government,0,1,1,10,6,16,3,7,10,7,5,12,5,13,18,0,0,0,57
d102,s106,p134,2020,Nazigo,Nsiima,Musiitwa UMEA Primary School,Government,1,2,3,17,27,44,10,16,26,3,9,12,1,5,6,1,2,3,94
d102,s106,p135,2020,Nazigo,Katikanyonyi,Nakatooke RC Primary School,Government,0,0,0,0,2,2,3,2,5,3,3,6,6,5,11,0,1,1,25
d102,s106,p136,2020,Nazigo,Nateeta,Natteta CU Primary School, Government,0,0,0,2,3,5,7,2,9,6,5,11,4,18,22,0,0,0,47
d102,s106,p136,2020,Nazigo,Nateeta,Natteta UMEA Primary School,Private,1,0,1,4,8,12,6,7,13,2,0,2,0,0,0,0,1,1,29
d102,s106,p138,2020,Nazigo,Nazigo,Nazigo Demonstration Primary School,Government,0,0,0,10,7,17,4,3,7,3,1,4,6,5,11,2,2,4,43
d102,s106,p138,2020,Nazigo,Nazigo,Nazigo Noor Islamic Primary School,Private,,,0,,,0,,,0,,,0,,,0,,,0,0
d102,s106,p134,2020,Nazigo,Nsiima,Nazigo RC Primary School,Government,1,0,1,50,32,82,16,16,32,10,8,18,1,3,4,0,0,0,137
d102,s106,p134,2020,Nazigo,Nsiima,Nsiima COU Primary School,Government,0,0,0,2,1,3,4,2,6,2,2,4,8,6,14,1,1,2,29
d102,s106,p136,2020,Nazigo,Nateeta,St. Anthony Junior School Nazigo,Private,0,0,0,6,5,11,10,6,16,5,3,8,4,6,10,0,0,0,45
d102,s106,p136,2020,Nazigo,Nateeta,Wabirongo CU Primary School, Government,1,1,2,9,7,16,5,4,9,1,1,2,3,2,5,0,1,1,35
d102,s102,p109,2019,Bbaale,Bbaale,Bbaale CU  Primary School,Government,2,1,3,10,28,38,11,14,25,10,10,20,1,1,2,1,0,1,89
d102,s102,p111,2019,Bbaale,Kavule,Gayaza  CU  Primary School,Government,0,0,0,12,11,23,10,7,17,6,6,12,4,3,7,2,0,2,61
d102,s102,p110,2019,Bbaale,Misanga,Misanga COU Primary School,Government,0,0,0,0,1,1,1,0,1,2,0,2,5,7,12,1,1,2,18
d102,s102,p112,2019,Bbaale,Mugongo,Mugongo Primary School,Government,0,0,0,0,1,1,0,2,2,5,4,9,5,5,10,0,1,1,23
d102,s102,p111,2019,Bbaale,Kavule,Namataala Primary School,Government,0,0,0,5,5,10,6,6,12,10,7,17,10,4,14,1,1,2,55
d102,s110,p158,2019,Busaana tc,Kasana ward,Busaana  Parents Primary School,Private,5,6,11,15,24,39,1,2,3,0,0,0,0,0,0,0,0,0,53
d102,s105,p115,2019,Busaana,Kasana,Bugaddu CU Primary School,Government,2,3,5,20,28,48,11,9,20,7,5,12,10,7,17,1,1,2,104
d102,s105,p118,2019,Busaana,Kiwangula,St. Josephs Buyungirizi RC Primary School,Government,0,0,0,1,2,3,5,2,7,2,0,2,0,1,1,1,1,2,15
d102,s105,p115,2019,Busaana,Kasana,Busaana CU Primary School,Government,3,1,4,20,33,53,12,14,26,20,14,34,6,6,12,1,1,2,131
d102,s105,p115,2019,Busaana,Kasana,Busaana RC Primary School,Government,0,0,0,5,0,5,7,5,12,5,4,9,3,6,9,0,0,0,35
d102,s110,p158,2019,Busaana tc,Kasana ward,Noble Hill Primary School,Private,0,0,0,15,18,33,10,16,26,5,4,9,6,6,12,0,0,0,80
d102,s105,p115,2019,Busaana,Kasana,Kasana Church Of Uganda Primary School,Government,5,2,7,2,2,4,3,2,5,4,6,10,7,8,15,0,0,0,41
d102,s105,p115,2019,Busaana,Kasana,Kasana RC Primary School,Government,4,3,7,26,20,46,9,9,18,6,4,10,7,8,15,1,1,2,98
d102,s105,p121,2019,Busaana,Lusenke,Kibuzi Church Of Uganda Primary School,Government,0,0,0,3,3,6,10,8,18,5,4,9,2,1,3,0,0,0,36
d102,s105,p121,2019,Busaana,Lusenke,Kibuzi RC Primary School,Government,0,0,0,1,0,1,2,1,3,2,3,5,5,4,9,0,0,0,18
d102,s105,p122,2019,Busaana,Nampanyi,Kireku COU Primary School,Government,1,0,1,20,19,39,5,3,8,1,1,2,2,0,2,0,0,0,52
d102,s105,p118,2019,Busaana,Kiwangula,Kiwangula COU Primary School,Government,0,0,0,2,5,7,7,8,15,1,2,3,3,1,4,2,0,2,31
d102,s105,p118,2019,Busaana,Kiwangula,Kiwangula RC Primary School,Government,0,0,0,6,4,10,8,6,14,2,1,3,1,0,1,0,0,0,28
d102,s105,p117,2019,Busaana,Namukuma,Kyayaye RC Primary School,Government,0,0,0,3,3,6,5,6,11,6,5,11,4,5,9,1,0,1,38
d102,s105,p121,2019,Busaana,Lusenke,Kyengera CU Primary School,Government,1,1,2,1,3,4,6,4,10,4,4,8,5,3,8,1,0,1,33
d102,s105,p116,2019,Busaana,Nabuganyi,Nabuganyi COU Primary School,Government,0,0,0,14,16,30,6,6,12,2,0,2,2,0,2,0,0,0,46
d102,s105,p116,2019,Busaana,Nabuganyi,Nabuganyi RC Primary School,Government,0,0,0,8,10,18,2,1,3,3,0,3,0,0,0,1,0,1,25
d102,s105,p122,2019,Busaana,Nampanyi,Nakakandwa RC Primary School,Government,0,0,0,4,5,9,6,5,11,4,5,9,3,3,6,2,0,2,37
d102,s105,p118,2019,Busaana,Kiwangula,Nakatovu COU Primary School,Government,4,1,5,20,24,44,2,6,8,2,2,4,1,1,2,0,0,0,63
d102,s105,p119,2019,Busaana,Namirembe,Namirembe COU Primary School,Government,0,0,0,0,1,1,7,4,11,5,5,10,5,1,6,3,0,3,31
d102,s105,p120,2019,Busaana,Namusaala,Namusaala COU Primary School,Government,1,0,1,25,36,61,17,18,35,17,13,30,17,9,26,4,2,6,159
d102,s105,p120,2019,Busaana,Namusaala,Namutya COU Primary School,Government,0,0,0,6,9,15,7,7,14,7,6,13,9,8,17,0,0,0,59
d102,s105,p117,2019,Busaana,Namukuma,Nangabo COU Primary School,Government,1,0,1,5,3,8,3,2,5,2,3,5,0,1,1,0,0,0,20
d102,s105,p121,2019,Busaana,Lusenke,St. Peter's Primary School Lusenke,Government,0,0,0,1,0,1,0,0,0,6,6,12,3,4,7,1,1,2,22
d102,s101,p123,2019,Galiraya,Galiraya,Galiraya  Primary School,Government,0,0,0,11,12,23,21,13,34,10,11,21,13,19,32,2,3,5,115
d102,s101,p125,2019,Galiraya,Kasokwe,Kasokwe CU Primary School,Government,4,2,6,13,8,21,10,7,17,6,10,16,13,9,22,2,2,4,86
d102,s101,p127,2019,Galiraya,Kirasa,Kirasa Primary School,Government,0,0,0,1,1,2,3,3,6,1,4,5,7,3,10,4,3,7,30
d102,s101,p126,2019,Galiraya,Namayunge,Nakatuli Primary School,Government,0,0,0,4,5,9,4,2,6,3,4,7,1,0,1,0,1,1,24
d102,s101,p124,2019,Galiraya,Namalere,Namalere Primary School,Government,1,1,2,11,21,32,7,7,14,2,1,3,0,0,0,0,0,0,51
d102,s101,p126,2019,Galiraya,Namayunge,Namayuge Primary School,Government,1,1,2,4,2,6,8,6,14,6,3,9,4,3,7,1,1,2,40
d102,s101,p128,2019,Galiraya,Ntimba,Ntimba  Primary School,Government,1,0,1,2,2,4,2,3,5,1,2,3,3,3,6,1,2,3,22
d102,s101,p123,2019,Galiraya,Galiraya,St. Kizito Kidibya Primary School,Government,0,0,0,1,1,2,9,6,15,1,1,2,6,2,8,2,2,4,31
d102,s112,p165,2019,Kangulumira tc,Kangulumira ward,Catherine Primary School,Private,1,0,1,7,7,14,0,0,0,0,0,0,0,0,0,0,0,0,15
d102,s107,p130,2019,Kangulumira,Kawomya,Bukeeka COU Primary School,Government,3,1,4,28,20,48,5,3,8,2,2,4,0,1,1,1,1,2,67
d102,s107,p131,2019,Kangulumira,Seeta-Nyiize,St. Marys Child Empowerment,Private,0,0,0,6,6,12,2,2,4,2,2,4,5,0,5,0,0,0,25
d102,s112,p167,2019,Kangulumira tc,Nakatundu ward,Kamuli UMEA Primary School,Government,10,3,13,60,26,86,24,15,39,21,21,42,9,10,19,3,2,5,204
d102,s112,p165,2019,Kangulumira tc,Kangulumira ward,Kangulumira CU Primary School,Government,11,6,17,11,18,29,5,4,9,3,0,3,1,0,1,0,0,0,59
d102,s112,p165,2019,Kangulumira tc,Kangulumira ward,Kangulumira Muslim Primary School,Government,2,1,3,38,20,58,13,14,27,13,5,18,12,8,20,0,0,0,126
d102,s112,p165,2019,Kangulumira tc,Kangulumira ward,Kangulumira RC Primary School,Government,7,7,14,31,25,56,5,5,10,3,0,3,0,0,0,4,0,4,87
d102,s112,p165,2019,Kangulumira tc,Kangulumira ward,Kasambya Moslem Primary School,Government,1,0,1,7,7,14,5,4,9,4,1,5,1,1,2,0,0,0,31
d102,s112,p166,2019,Kangulumira tc,Kigayaza ward,Kigayaza COU Primary School,Government,0,0,0,6,5,11,5,3,8,0,2,2,2,1,3,0,1,1,25
d102,s107,p131,2019,Kangulumira,Seeta-Nyiize,Fountain of Hope Primary School,Private,20,14,34,14,10,24,0,0,0,0,0,0,0,0,0,0,0,0,58
d102,s107,p129,2019,Kangulumira,Kikwanya,Kimooli UMEA Primary School,Government,2,1,3,20,21,41,11,11,22,10,7,17,6,4,10,1,1,2,95
d102,s107,p130,2019,Kangulumira,Kawomya,Kungu CU Primary School,Government,0,0,0,4,4,8,7,6,13,3,6,9,8,3,11,0,0,0,41
d102,s107,p130,2019,Kangulumira,Kawomya,Maligita Primary School,Government,0,0,0,0,3,3,8,5,13,7,4,11,15,7,22,0,0,0,49
d102,s107,p131,2019,Kangulumira,Seeta-Nyiize,Nakirubi COU Primary School,Government,0,0,0,5,4,9,6,6,12,4,9,13,20,20,40,2,1,3,77
d102,s112,p167,2019,Kangulumira tc,Nakatundu ward,Nongo COU Primary School Kangulumira,Government,0,0,0,0,1,1,2,0,2,0,2,2,4,4,8,1,1,2,15
d102,s107,p131,2019,Kangulumira,Seeta-Nyiize,Nyiize COU Primary School,Government,32,18,50,61,30,91,4,4,8,0,2,2,0,0,0,1,2,3,154
d102,s107,p131,2019,Kangulumira,Seeta-Nyiize,Nyiize RC Primary School,Government,0,0,0,6,5,11,3,2,5,1,2,3,0,0,0,0,0,0,19
d102,s112,p165,2019,Kangulumira tc,Kangulumira ward,New ABC Devine Foundation,Private,33,20,53,60,74,134,1,1,2,2,0,2,0,0,0,1,1,2,193
d102,s103,p151,2019,Kayonza,Kamusabi,Bugato RC Primary School,Government,0,0,0,4,6,10,7,4,11,1,0,1,6,4,10,0,0,0,32
d102,s103,p153,2019,Kayonza,Kitwe,Bugoma Primary School,Government,0,0,0,2,2,4,3,7,10,3,4,7,2,1,3,0,0,0,24
d102,s103,p157,2019,Kayonza,Namizo,Bujwaaya CU Primary School,Government,0,0,0,5,3,8,7,12,19,10,9,19,3,3,6,1,0,1,53
d102,s103,p149,2019,kayonza,Balisanga,Bwalala Primary School,Government,0,0,0,3,2,5,10,8,18,3,3,6,1,0,1,1,0,1,31
d102,s103,p151,2019,Kayonza,Kamusabi,Kamusabi Primary School,Government,0,1,1,2,1,3,2,2,4,4,2,6,10,6,16,0,0,0,30
d102,s103,p156,2019,Kayonza,Namaliri,Kawolokota COU Primary School,Government,0,0,0,7,4,11,9,8,17,3,2,5,4,7,11,1,0,1,45
d102,s103,p156,2019,Kayonza,Namaliri,Kawolokota RC Primary School,Government,0,0,0,11,8,19,8,11,19,5,3,8,5,5,10,1,0,1,57
d102,s103,p156,2019,Kayonza,Namaliri,Kayonza Primary School,Government,0,0,0,4,3,7,7,4,11,5,3,8,7,2,9,1,1,2,37
d102,s103,p155,2019,Kayonza,Nakyesanja,Kirimantoogo Primary School,Government,0,0,0,2,2,4,5,3,8,2,2,4,10,9,19,3,0,3,38
d102,s103,p153,2019,Kayonza,Kitwe,Kitwe RC Primary School,Government,0,0,0,9,5,14,11,8,19,20,12,32,4,8,12,3,0,3,80
d102,s103,p157,2019,Kayonza,Namizo,Kyebuye RC Primary School,Private,0,0,0,3,2,5,4,1,5,4,4,8,8,4,12,0,0,0,30
d102,s103,p156,2019,Kayonza,Namaliri,Lugasa Primary School,Private,0,0,0,9,7,16,3,3,6,1,0,1,2,1,3,0,0,0,26
d102,s103,p151,2019,Kayonza,Kamusabi,Lukonda Public Primary School,Government,0,0,0,0,1,1,1,1,2,2,2,4,10,7,17,3,2,5,29
d102,s103,p152,2019,Kayonza,Kanywero,Lwabyata Parents Primary School,Government,0,0,0,3,1,4,6,5,11,6,8,14,5,5,10,0,0,0,39
d102,s103,p154,2019,Kayonza,Nakyesa,Nakyessa Bright Primary School,Government,0,1,1,11,10,21,6,6,12,4,2,6,0,2,2,0,0,0,42
d102,s103,p154,2019,Kayonza,Nakyesa,Nakyessa Day And Boarding Primary School,Private,1,0,1,15,17,32,11,16,27,12,12,24,10,8,18,2,1,3,105
d102,s103,p154,2019,Kayonza,Nakyesa,Nakyessa Moslem Primary School,Government,0,1,1,6,4,10,7,5,12,12,9,21,1,0,1,0,1,1,46
d102,s103,p154,2019,Kayonza,Nakyesa,Namatogonya COU  Primary School,Government,0,0,0,0,0,0,3,1,4,5,4,9,10,7,17,1,1,2,32
d102,s103,p157,2019,Kayonza,Namizo,Namavundu RC Primary School,Private,1,0,1,2,3,5,1,2,3,1,0,1,2,2,4,1,0,1,15
d102,s103,p157,2019,Kayonza,Namizo,Namiizo UMEA Primary School,Government,0,0,0,3,1,4,4,2,6,3,3,6,0,2,2,0,1,1,19
d102,s103,p150,2019,Kayonza,Kafumba,Nyondo RC Primary School, Government,0,0,0,3,2,5,4,2,6,1,3,4,5,3,8,2,1,3,26
d102,s103,p156,2019,Kayonza,Namaliri,St. Jude Kayonza RC Primary School,Government,0,0,0,0,1,1,0,0,0,2,3,5,4,7,11,1,0,1,18
d102,s103,p152,2019,Kayonza,Kanywero,Wabunyonyi COU Primary School ,Government,0,0,0,0,0,0,1,0,1,3,4,7,10,4,14,0,0,0,22
d102,s103,p152,2019,Kayonza,Kanywero,Wunga CU Primary School,Government,0,0,0,2,1,3,3,1,4,9,7,16,15,8,23,1,0,1,47
d102,s108,p102,2019,Kayunga ,Busaale,Ssekagya Islamic Primary School,Government,10,18,28,28,16,44,5,4,9,1,5,6,3,0,3,3,0,3,93
d102,s108,p103,2019,Kayunga,Bukolooto,Ssezibwa COU Primary School,Government,2,1,3,10,26,36,9,10,19,3,3,6,5,8,13,2,1,3,80
d102,s108,p107,2019,Kayunga,Bukujju,Bukujju UMEA Primary School,Government,0,0,0,1,1,2,2,0,2,2,3,5,2,2,4,1,1,2,15
d102,s108,p102,2019,Kayunga ,Busaale,Busaale COU Primary School,Government,1,0,1,6,6,12,0,0,0,1,1,2,0,0,0,0,0,0,15
d102,s108,p106,2019,Kayunga ,Nsotoka,Obadiah Sajjabi Community School,Private,1,0,1,22,27,49,10,12,22,5,7,12,13,14,27,2,0,2,113
d102,s108,p105,2019,Kayunga ,Buyobe,Buwungiro Primary School,Government,0,0,0,3,1,4,2,3,5,4,1,5,3,1,4,1,0,1,19
d102,s108,p103,2019,Kayunga,Bukolooto,Bwetyaba RC Primary School,Government,0,0,0,17,15,32,3,3,6,1,0,1,0,0,0,0,0,0,39
d102,s108,p105,2019,Kayunga ,Buyobe,Kanjuki COU Primary School,Government,0,0,0,10,6,16,4,4,8,10,4,14,0,0,0,1,0,1,39
d102,s108,p105,2019,Kayunga ,Buyobe,Kanjuki RC Primary School,Government,0,0,0,5,4,9,3,2,5,4,2,6,2,3,5,1,1,2,27
d102,s108,p105,2019,Kayunga ,Buyobe,Kanjuki UMEA Primary School,Government,0,0,0,14,14,28,16,10,26,3,1,4,0,0,0,0,0,0,58
d102,s108,p106,2019,Kayunga ,Nsotoka,Nsotoka Islamic Primary School,Private,0,0,0,5,6,11,8,10,18,4,2,6,3,1,4,0,0,0,39
d102,s108,p106,2019,Kayunga ,Nsotoka,Kiwooza COU Primary School,Government,0,0,0,3,2,5,2,3,5,7,2,9,3,2,5,2,2,4,28
d102,s108,p106,2019,Kayunga ,Nsotoka,Mataba Muslim Quran School,Private,0,1,1,11,13,24,7,9,16,3,4,7,1,1,2,0,0,0,50
d102,s108,p105,2019,Kayunga ,Buyobe,Kyanya COU Primary School,Government,0,0,0,10,3,13,13,13,26,5,2,7,4,0,4,3,0,3,53
d102,s108,p101,2019,Kayunga ,Bubajjwe,Mugema Primary School, Government,0,0,0,10,16,26,11,11,22,4,4,8,6,4,10,1,0,1,67
d102,s108,p104,2019,Kayunga ,Nakaseeta,Nakaziba COU Primary School, Government,0,0,0,0,0,0,2,1,3,3,2,5,4,2,6,1,0,1,15
d102,s108,p106,2019,Kayunga ,Nsotoka,Namulanda COU Primary School,Government,0,0,0,2,2,4,3,4,7,2,2,4,5,4,9,0,0,0,24
d102,s108,p106,2019,Kayunga ,Nsotoka,Namulanda RC Primary School,Government,0,0,0,3,4,7,6,2,8,2,0,2,0,4,4,0,0,0,21
d102,s108,p103,2019,Kayunga,Bukolooto,St. Anthony G. Junior School,Private,5,5,10,17,17,34,5,5,10,0,1,1,0,0,0,0,0,0,55
d102,s108,p103,2019,Kayunga,Bukolooto,Lion of Judah Primary School,Private,3,1,4,10,11,21,0,0,0,0,0,0,0,0,0,0,0,0,25
d102,s108,p103,2019,Kayunga,Bukolooto,Nawandagala RC Primary School,Government,0,0,0,3,3,6,4,4,8,1,1,2,1,2,3,0,1,1,20
d102,s109,p148,2019,Kayunga tc,Namagabi ward,Kayunga Girls Primary School,Government,6,3,9,10,14,24,0,2,2,0,0,0,0,0,0,0,0,0,35
d102,s109,p148,2019,Kayunga tc,Namagabi ward,Kayunga Mixed Primary School,Government,0,1,1,12,16,28,2,4,6,0,0,0,0,0,0,0,0,0,35
d102,s109,p148,2019,Kayunga tc,Namagabi ward,Namagabi Bishop Brown Primary School,Government,2,3,5,43,20,63,9,7,16,4,2,6,4,4,8,0,0,0,98
d102,s109,p148,2019,Kayunga tc,Namagabi ward,Namagabi UMEA Primary School,Government,1,1,2,24,22,46,9,10,19,6,3,9,4,2,6,0,0,0,82
d102,s109,p148,2019,Kayunga tc,Namagabi ward,Ndeeba COU Primary School,Government,3,0,3,20,17,37,6,4,10,2,2,4,0,1,1,2,0,2,57
d102,s109,p145,2019,Kayunga tc,Bukoloto ward,Aunty Vicky Primary School,Private,0,0,0,15,11,26,10,6,16,5,5,10,10,7,17,1,2,3,72
d102,s109,p146,2019,Kayunga tc,Ntenjeru ward,St. Regina Primary School ,Private,14,14,28,7,5,12,0,0,0,0,0,0,0,0,0,0,0,0,40
d102,s109,p147,2019,Kayunga tc,Central ward,Hope Primary School,Private,3,3,6,30,11,41,1,4,5,2,2,4,0,0,0,0,0,0,56
d102,s109,p145,2019,Kayunga tc,Bukoloto ward,Star Academy Primary School,Private,1,1,2,11,9,20,3,1,4,2,0,2,1,0,1,1,1,2,31
d102,s109,p148,2019,Kayunga tc,Namagabi ward,Gospel Valley Primary School,Private,10,14,24,6,2,8,0,0,0,0,0,0,0,0,0,0,0,0,32
d102,s109,p146,2019,Kayunga tc,Ntenjeru ward,Tente Primary School,Government,1,1,2,30,20,50,13,7,20,3,4,7,2,2,4,0,1,1,84
d102,s104,p144,2019,Kitimbwa,Nakivubo,Bisaka CU  Primary School,Government,0,1,0,10,8,18,1,0,1,2,1,3,0,0,0,0,0,0,22
d102,s104,p143,2019,Kitimbwa,Nkokonjeru,Bulawula Primary School,Government,0,0,0,15,6,21,3,6,9,4,9,13,6,6,12,0,0,0,55
d102,s104,p139,2019,Kitimbwa,Kitatya,Kitatya CU  Primary School,Government,1,1,1,13,12,25,11,9,20,6,10,16,9,8,17,1,1,2,81
d102,s104,p139,2019,Kitimbwa,Kitatya,Kitatya RC Primary School,Government,0,0,0,12,8,20,10,3,13,2,1,3,2,3,5,0,4,4,45
d102,s113,p170,2019,Kitimbwa tc,Wabuyinja ward,Kitimbwa CU Primary School,Government,0,0,0,4,3,7,5,6,11,3,7,10,5,5,10,0,0,0,38
d102,s113,p170,2019,Kitimbwa tc,Wabuyinja ward,Kitimbwa Light SDA Primary School,Government,0,1,0,21,18,39,10,6,16,2,6,8,1,1,2,0,1,1,66
d102,s113,p170,2019,Kitimbwa tc,Wabuyinja ward,Kitimbwa RC Primary School ,Government,0,0,0,8,4,12,10,9,19,2,1,3,2,2,4,0,0,0,38
d102,s113,p170,2019,Kitimbwa tc,Wabuyinja ward,Kitimbwa UMEA Primary School,Government,0,0,0,3,1,4,4,2,6,2,1,3,3,3,6,0,1,1,20
d102,s104,p142,2019,Kitimbwa,Kyerima,Kyerima UMEA Primary School,Government,1,0,1,17,10,27,5,4,9,1,1,2,0,0,0,0,0,0,39
d102,s113,p170,2019,Kitimbwa tc,Wabuyinja ward,Kyetume High Primary School,Government,1,0,1,11,17,28,6,10,16,10,8,18,20,3,23,0,1,1,87
d102,s104,p142,2019,Kitimbwa,Kyerima,Nakaseeta COU Primary School,Government,0,0,0,1,0,1,0,0,0,3,1,4,5,3,8,1,1,2,15
d102,s104,p144,2019,Kitimbwa,Nakivubo,Nakivubo COU Primary School,Government,0,0,0,9,2,11,10,14,24,10,9,19,7,3,10,1,1,2,66
d102,s104,p144,2019,Kitimbwa,Nakivubo,Nakivubo UMEA Primary School,Government,0,0,0,0,0,0,0,0,0,1,1,2,3,20,23,2,4,6,31
d102,s104,p142,2019,Kitimbwa,Kyerima,Namabbuga RC Primary School,Government,0,0,0,1,1,2,7,5,12,6,5,11,3,2,5,0,0,0,30
d102,s104,p140,2019,Kitimbwa,Namulaba,Namulaba COU Primary School, Government,0,0,0,1,1,2,4,2,6,2,1,3,7,5,12,1,0,1,24
d102,s104,p140,2019,Kitimbwa,Namulaba,Namulaba UMEA Primary School, Government,0,0,0,5,6,11,7,4,11,6,4,10,5,4,9,2,1,3,44
d102,s113,p170,2019,Kitimbwa tc,Wabuyinja ward,Kyetume Kabaganda Primary School,Government,0,0,0,7,8,15,2,1,3,0,1,1,5,4,9,0,1,1,29
d102,s104,p142,2019,Kitimbwa,Kyerima,Nanjwenge CU Primary School,Private,0,0,0,2,1,3,2,3,5,3,2,5,10,8,18,1,1,2,33
d102,s104,p142,2019,Kitimbwa,Kyerima,Mt. Carmel Primary School,Private,5,2,5,21,21,42,13,14,27,4,10,14,7,6,13,1,0,1,102
d102,s104,p140,2019,Kitimbwa,Namulaba,Nongo CU Primary School Kitimbwa, Government,0,0,0,1,1,2,1,0,1,2,1,3,5,4,9,1,0,1,16
d102,s104,p140,2019,Kitimbwa,Namulaba,St. Martins Nongo RC Primary School, Government,0,0,0,0,0,0,3,3,6,3,0,3,10,12,22,0,0,0,31
d102,s104,p141,2019,Kitimbwa,Wabwoko,Wabwoko CU Primary School,Government,2,1,2,20,17,37,20,23,43,10,11,21,7,5,12,3,2,5,120
d102,s104,p142,2019,Kitimbwa,Kyerima,Kyerima CU Primary School,Government,0,0,0,7,4,11,10,9,19,6,6,12,4,3,7,0,0,0,49
d102,s106,p132,2019,Nazigo,Bukamba,Bukamba Primary School,Government,0,0,0,1,2,3,4,5,9,8,10,18,9,11,20,0,0,0,50
d102,s106,p132,2019,Nazigo,Bukamba,Bukamba Noor islamic,Private,0,0,0,15,10,25,11,12,23,17,15,32,20,25,45,0,2,2,127
d102,s106,p133,2019,Nazigo,Kirindi,Kikonyogo Primary School,Government,0,0,0,2,2,4,7,3,10,0,2,2,1,0,1,1,1,2,19
d102,s106,p137,2019,Nazigo,Kimanya,Kimanya COU Primary School,Government,0,0,0,4,3,7,5,3,8,4,5,9,5,6,11,1,0,1,36
d102,s106,p136,2019,Nazigo,Nateeta,Natteta UMEA Primary School,Private,0,0,0,9,12,21,8,8,16,8,9,17,15,16,31,1,1,2,87
d102,s106,p136,2019,Nazigo,Nateeta,Kiribedda CU Primary School,Government,0,0,0,1,2,3,2,2,4,3,1,4,2,2,4,0,1,1,16
d102,s106,p138,2019,Nazigo,Nazigo,Nazigo Noor Islamic Primary School,Private,15,9,24,15,16,31,0,0,0,0,0,0,0,0,0,0,0,0,55
d102,s106,p132,2019,Nazigo,Bukamba,Kisa Primary School,Private,1,0,1,14,11,25,4,4,8,3,0,3,1,0,1,0,0,0,38
d102,s106,p132,2019,Nazigo,Bukamba,Kiswa RC Primary School,Government,0,0,0,3,2,5,4,2,6,4,4,8,7,5,12,1,0,1,32
d102,s106,p137,2019,Nazigo,Kimanya,Kiziika  CU Primary School,Government,5,4,9,20,19,39,11,10,21,4,0,4,5,2,7,1,0,1,81
d102,s106,p138,2019,Nazigo,Nazigo,Kyampisi COU Primary School,Government,0,0,0,1,1,2,7,0,7,1,1,2,3,2,5,0,0,0,16
d102,s106,p138,2019,Nazigo,Nazigo,Magala RC Primary School,Government,0,0,0,5,3,8,3,3,6,1,3,4,6,5,11,0,1,1,30
d102,s106,p134,2019,Nazigo,Nsiima,Musiitwa UMEA Primary School,Government,1,3,4,25,15,40,10,12,22,8,9,17,3,0,3,1,0,1,87
d102,s106,p135,2019,Nazigo,Katikanyonyi,Nakatooke RC Primary School,Government,0,0,0,0,0,0,1,1,2,3,4,7,4,4,8,1,0,1,18
d102,s106,p136,2019,Nazigo,Nateeta,Natteta CU Primary School, Government,0,0,0,3,5,8,4,4,8,2,3,5,11,10,21,0,0,0,42
d102,s106,p138,2019,Nazigo,Nazigo,Nazigo Demonstration Primary School,Government,0,0,0,4,2,6,4,0,4,3,3,6,5,8,13,0,1,1,30
d102,s106,p134,2019,Nazigo,Nsiima,Kotwe Taqwa Islamic Primary School,Private,3,11,14,4,5,9,0,0,0,0,0,0,0,0,0,0,0,0,23
d102,s106,p134,2019,Nazigo,Nsiima,Nazigo RC Primary School,Government,1,0,1,40,22,62,13,10,23,5,4,9,0,0,0,0,1,1,96
d102,s106,p134,2019,Nazigo,Nsiima,Nsiima COU Primary School,Government,0,0,0,1,3,4,0,1,1,5,6,11,5,3,8,0,0,0,24
d102,s106,p136,2019,Nazigo,Nateeta,St. Anthony Junior School Nazigo,Private,0,0,0,14,4,18,4,6,10,3,1,4,2,3,5,0,0,0,37
d102,s106,p136,2019,Nazigo,Nateeta,Wabirongo CU  Primary School, Government,0,0,0,3,5,8,4,4,8,2,3,5,11,10,21,0,0,0,42
d102,s102,p109,2018,Bbaale,Bbaale,Bbaale CU  Primary School,Government,4,1,5,10,16,26,9,10,19,7,7,14,1,1,2,0,0,0,66
d102,s102,p111,2018,Bbaale,Kavule,Gayaza  CU  Primary School,Government,0,0,0,5,6,11,5,5,10,4,4,8,2,1,3,0,0,0,32
d102,s102,p110,2018,Bbaale,Misanga,Misanga COU Primary School,Government,0,0,0,2,1,3,3,1,4,1,1,2,7,7,14,0,0,0,23
d102,s102,p112,2018,Bbaale,Mugongo,Mugongo Primary School,Government,0,0,0,1,0,1,5,3,8,0,2,2,2,2,4,2,0,2,17
d102,s102,p111,2018,Bbaale,Kavule,Namataala Primary School,Government,0,0,0,7,11,18,10,9,19,5,2,7,0,0,0,2,1,3,47
d102,s105,p115,2018,Busaana,Kasana,Bugaddu CU Primary School,Government,0,0,0,8,6,14,7,5,12,7,5,12,10,13,23,2,2,4,65
d102,s110,p158,2018,Busaana tc,Kasana ward,Noble Hill Primary School,Private,2,5,7,50,18,68,6,3,9,5,3,8,2,1,3,1,1,2,97
d102,s105,p115,2018,Busaana,Kasana,Busaana CU Primary School,Government,12,7,19,10,28,38,14,20,34,18,8,26,1,1,2,1,0,1,120
d102,s105,p115,2018,Busaana,Kasana,Busaana RC Primary School,Government,0,0,0,2,0,2,7,7,14,7,2,9,2,1,3,2,0,2,30
d102,s110,p158,2018,Busaana tc,Kasana ward,Busaana Parents Primary School,Private,10,17,27,16,10,26,0,0,0,0,0,0,0,0,0,0,,0,53
d102,s105,p115,2018,Busaana,Kasana,Kasana Church Of Uganda Primary School,Government,2,2,4,3,3,6,3,2,5,4,4,8,5,2,7,1,1,2,32
d102,s105,p115,2018,Busaana,Kasana,Kasana RC Primary School,Government,6,5,11,12,7,19,10,9,19,2,1,3,2,4,6,1,1,2,60
d102,s105,p121,2018,Busaana,Lusenke,Kibuzi Church Of Uganda Primary School,Government,0,0,0,9,2,11,6,4,10,3,2,5,0,3,3,0,0,0,29
d102,s105,p121,2018,Busaana,Lusenke,Kibuzi RC Primary School,Government,0,0,0,1,0,1,1,1,2,4,1,5,8,5,13,1,0,1,22
d102,s105,p122,2018,Busaana,Nampanyi,Kireku COU Primary School,Government,1,1,2,10,7,17,9,10,19,17,10,27,0,0,0,0,0,0,65
d102,s105,p118,2018,Busaana,Kiwangula,Kiwangula COU Primary School,Government,0,0,0,4,3,7,6,4,10,10,16,26,2,3,5,2,2,4,52
d102,s105,p118,2018,Busaana,Kiwangula,Kiwangula RC Primary School,Government,0,0,0,10,11,21,6,4,10,2,1,3,0,0,0,0,0,0,34
d102,s105,p117,2018,Busaana,Namukuma,Kyayaye RC Primary School,Government,0,0,0,3,1,4,9,9,18,5,5,10,0,0,0,0,0,0,32
d102,s105,p121,2018,Busaana,Lusenke,Kyengera CU Primary School,Government,1,0,1,5,4,9,3,3,6,3,3,6,0,1,1,0,0,0,23
d102,s105,p116,2018,Busaana,Nabuganyi,Nabuganyi COU Primary School,Government,2,0,2,14,20,34,2,0,2,0,0,0,0,0,0,1,1,2,40
d102,s105,p122,2018,Busaana,Nampanyi,Nakakandwa RC Primary School,Government,0,1,1,17,10,27,13,10,23,10,12,22,2,1,3,0,0,0,76
d102,s105,p118,2018,Busaana,Kiwangula,Nakatovu COU Primary School,Government,8,6,14,9,4,13,4,4,8,5,3,8,5,2,7,1,0,1,51
d102,s105,p119,2018,Busaana,Namirembe,Namirembe COU Primary School,Government,0,0,0,6,0,6,4,4,8,5,3,8,2,3,5,1,1,2,29
d102,s105,p120,2018,Busaana,Namusaala,Namusaala COU Primary School,Government,1,1,2,30,20,50,19,20,39,14,10,24,7,7,14,2,1,3,132
d102,s105,p120,2018,Busaana,Namusaala,Namutya COU Primary School,Government,1,1,2,26,20,46,14,10,24,6,6,12,1,0,1,1,0,1,86
d102,s105,p117,2018,Busaana,Namukuma,Nangabo COU Primary School,Government,0,0,0,2,1,3,8,3,11,5,4,9,0,3,3,0,0,0,26
d102,s105,p118,2018,Busaana,Kiwangula,St. Josephs Buyungirizi RC Primary School,Government,0,0,0,2,0,2,2,5,7,3,2,5,1,1,2,0,0,0,16
d102,s105,p121,2018,Busaana,Lusenke,St. Peter's Primary School Lusenke,Government,0,0,0,1,0,1,5,4,9,4,4,8,4,1,5,1,1,2,25
d102,s101,p123,2018,Galiraya,Galiraya,Galiraya CU Primary School,Government,0,0,0,15,16,31,12,21,33,7,9,16,3,3,6,3,4,7,93
d102,s101,p125,2018,Galiraya,Kasokwe,Kasokwe CU Primary School,Government,2,1,3,12,25,37,9,8,17,7,7,14,12,9,21,2,1,3,95
d102,s101,p127,2018,Galiraya,Kirasa,Kirasa Primary School,Government,0,0,0,3,5,8,9,5,14,6,5,11,6,2,8,0,0,0,41
d102,s101,p126,2018,Galiraya,Namayunge,Nakatuli RC Primary School,Government,0,0,0,0,1,1,4,2,6,3,2,5,7,5,12,0,0,0,24
d102,s101,p124,2018,Galiraya,Namalere,Namalere COU Primary School,Government,2,1,3,19,12,31,7,9,16,0,2,2,0,0,0,1,1,2,54
d102,s101,p126,2018,Galiraya,Namayunge,Namayuge Primary School,Government,0,0,0,7,10,17,7,5,12,4,3,7,2,2,4,2,0,2,42
d102,s101,p128,2018,Galiraya,Ntimba,Ntimba  Primary School,Government,0,0,0,3,1,4,2,1,3,3,1,4,3,2,5,1,0,1,17
d102,s101,p123,2018,Galiraya,Galiraya,St. Kizito Kidibya Primary School,Government,0,0,0,8,6,14,10,3,13,3,1,4,0,1,1,1,1,2,34
d102,s112,p165,2018,Kangulumira tc,Kangulumira ward,Catherine Primary School,Private,3,3,6,10,6,16,2,2,4,0,0,0,0,1,1,0,0,0,27
d102,s107,p130,2018,Kangulumira,Kawomya,Bukeeka COU Primary School,Government,1,0,1,29,30,59,1,1,2,1,0,1,0,0,0,1,0,1,64
d102,s107,p131,2018,Kangulumira,Seeta-Nyiize,St. Marys Child Empowerment,Private,3,3,6,5,5,10,2,1,3,3,2,5,0,0,0,0,0,0,24
d102,s112,p167,2018,Kangulumira tc,Nakatundu ward,Kamuli UMEA Primary School,Government,5,6,11,64,30,94,13,20,33,10,16,26,3,2,5,1,1,2,171
d102,s112,p165,2018,Kangulumira tc,Kangulumira ward,Kangulumira CU Primary School,Government,1,1,2,26,10,36,5,4,9,0,1,1,1,1,2,1,0,1,51
d102,s112,p165,2018,Kangulumira tc,Kangulumira ward,Kangulumira Muslim Primary School,Government,3,6,9,10,24,34,9,10,19,6,9,15,4,4,8,2,3,5,90
d102,s112,p165,2018,Kangulumira tc,Kangulumira ward,Kangulumira RC Primary School,Government,2,5,7,30,37,67,9,10,19,15,15,30,1,1,2,2,1,3,128
d102,s112,p165,2018,Kangulumira tc,Kangulumira ward,Kasambya Moslem Primary School,Government,0,1,1,9,3,12,5,5,10,3,2,5,2,1,3,0,0,0,31
d102,s112,p166,2018,Kangulumira tc,Kigayaza ward,Kigayaza COU Primary School,Government,0,2,2,10,10,20,2,1,3,0,1,1,0,0,0,1,1,2,28
d102,s107,p129,2018,Kangulumira,Kikwanya,Kikwanya COU Primary School,Government,2,2,4,16,10,26,7,10,17,8,9,17,2,3,5,1,0,1,70
d102,s107,p129,2018,Kangulumira,Kikwanya,Kimooli UMEA Primary School,Government,10,7,17,20,22,42,6,5,11,2,2,4,0,0,0,1,1,2,76
d102,s107,p130,2018,Kangulumira,Kawomya,Kungu CU Primary School,Government,0,0,0,6,6,12,9,9,18,6,5,11,3,3,6,0,1,1,48
d102,s107,p130,2018,Kangulumira,Kawomya,Maligita Primary School,Government,0,0,0,3,2,5,3,3,6,7,9,16,2,3,5,0,0,0,32
d102,s107,p131,2018,Kangulumira,Seeta-Nyiize,Nakirubi COU Primary School,Government,0,0,0,5,5,10,6,6,12,14,10,24,2,2,4,0,2,2,52
d102,s112,p167,2018,Kangulumira tc,Nakatundu ward,Nongo COU Primary School Kangulumira,Government,0,3,3,20,14,34,13,13,26,10,12,22,16,20,36,3,2,5,126
d102,s107,p131,2018,Kangulumira,Seeta-Nyiize,Nyiize COU Primary School,Government,10,6,16,35,35,70,4,3,7,1,1,2,0,0,0,1,2,3,98
d102,s107,p131,2018,Kangulumira,Seeta-Nyiize,Nyiize RC Primary School,Government,0,0,0,10,18,28,6,6,12,1,1,2,0,0,0,0,0,0,42
d102,s107,p131,2018,Kangulumira,Seeta-Nyiize,Fountain of Hope Primary School,Private,20,22,42,10,15,25,0,0,0,0,0,0,0,0,0,0,0,0,67
d102,s103,p151,2018,Kayonza,Kamusabi,Bugato RC Primary School,Government,0,0,0,6,6,12,5,5,10,5,1,6,0,2,2,0,0,0,30
d102,s103,p153,2018,Kayonza,Kitwe,Bugoma Primary School,Government,0,0,0,0,0,0,2,2,4,4,6,10,7,10,17,2,1,3,34
d102,s103,p157,2018,Kayonza,Namizo,Bujwaaya CU Primary School,Government,0,0,0,1,0,1,2,1,3,4,4,8,7,10,17,0,1,1,30
d102,s103,p149,2018,kayonza,Balisanga,Bwalala Primary School,Government,0,0,0,3,3,6,4,4,8,4,3,7,5,3,8,1,1,2,31
d102,s103,p154,2018,Kayonza,Nakyesa,Nakyessa Day And Boarding Primary School,Private,0,0,0,2,1,3,8,6,14,5,2,7,4,1,5,0,0,0,29
d102,s103,p156,2018,Kayonza,Namaliri,Kawolokota COU Primary School,Government,0,0,0,0,1,1,7,7,14,8,10,18,3,2,5,0,1,1,39
d102,s103,p156,2018,Kayonza,Namaliri,Kawolokota RC Primary School,Government,0,1,1,7,8,15,8,8,16,7,7,14,0,1,1,0,0,0,47
d102,s103,p156,2018,Kayonza,Namaliri,Kayonza Primary School,Government,0,0,0,7,7,14,4,5,9,7,6,13,10,12,22,0,0,0,58
d102,s103,p155,2018,Kayonza,Nakyesanja,Kirimantoogo Primary School,Government,0,0,0,2,1,3,2,2,4,4,2,6,13,10,23,0,0,0,36
d102,s103,p153,2018,Kayonza,Kitwe,Kitwe RC Primary School,Government,0,0,0,3,6,9,20,7,27,6,5,11,8,4,12,3,1,4,63
d102,s103,p157,2018,Kayonza,Namizo,Kyebuye RC Primary School,Private,0,0,0,2,1,3,2,2,4,2,1,3,2,1,3,2,2,4,17
d102,s103,p156,2018,Kayonza,Namaliri,Lugasa Primary School,Private,0,0,0,7,7,14,6,3,9,6,3,9,2,2,4,0,0,0,36
d102,s103,p151,2018,Kayonza,Kamusabi,Lukonda Public Primary School,Government,0,0,0,1,1,2,5,6,11,6,4,10,5,20,25,0,0,0,48
d102,s103,p152,2018,Kayonza,Kanywero,Lwabyata Parents Primary School,Government,0,0,0,0,1,1,7,5,12,9,10,19,16,14,30,2,0,2,64
d102,s103,p154,2018,Kayonza,Nakyesa,Nakyessa Bright Future Primary School,Government,1,0,1,10,19,29,6,8,14,1,2,3,0,0,0,0,0,0,47
d102,s103,p154,2018,Kayonza,Nakyesa,Nakyessa Moslem Primary School,Government,0,1,1,10,9,19,8,10,18,7,3,10,0,1,1,0,1,1,50
d102,s103,p154,2018,Kayonza,Nakyesa,Namatogonya COU  Primary School,Government,0,0,0,0,1,1,8,5,13,2,4,6,6,10,16,2,1,3,39
d102,s103,p157,2018,Kayonza,Namizo,Namavundu Primary School,Private,0,0,0,3,0,3,3,3,6,3,1,4,9,5,14,1,0,1,28
d102,s103,p157,2018,Kayonza,Namizo,Namizo UMEA Primary School,Government,0,0,0,0,0,0,0,0,0,1,0,1,6,5,11,2,1,3,15
d102,s103,p150,2018,Kayonza,Kafumba,Nyondo RC Primary School, Government,0,0,0,1,0,1,6,3,9,6,2,8,5,3,8,2,1,3,29
d102,s103,p156,2018,Kayonza,Namaliri,St. Jude Kayonza RC Primary School,Government,0,0,0,0,0,0,0,1,1,4,2,6,6,10,16,0,0,0,23
d102,s103,p152,2018,Kayonza,Kanywero,Wabunyonyi COU Primary School ,Government,0,0,0,1,0,1,2,2,4,6,3,9,9,12,21,0,1,1,36
d102,s103,p152,2018,Kayonza,Kanywero,Wunga CU Primary School,Government,0,0,0,5,3,8,7,6,13,3,4,7,5,3,8,1,1,2,38
d102,s108,p102,2018,Kayunga ,Busaale,Ssekagya Islamic Primary School,Government,10,17,27,16,14,30,6,10,16,4,3,7,2,1,3,1,1,2,85
d102,s108,p103,2018,Kayunga,Bukolooto,Ssezibwa COU Primary School,Government,3,4,7,8,10,18,6,10,16,6,4,10,4,4,8,1,0,1,60
d102,s108,p107,2018,Kayunga,Bukujju,Bukujju UMEA Primary School,Government,0,0,0,0,1,1,1,1,2,1,0,1,10,10,20,1,0,1,25
d102,s108,p102,2018,Kayunga ,Busaale,Busaale COU Primary School,Government,0,0,0,5,5,10,5,6,11,2,1,3,1,1,2,0,0,0,26
d102,s108,p106,2018,kayunga,Nsotoka,Obadiah Sajjabi Community School,Private,0,0,0,14,10,24,16,10,26,7,6,13,2,2,4,3,2,5,72
d102,s108,p105,2018,Kayunga ,Buyobe,Buwungiro Primary School,Government,0,0,0,1,1,2,4,4,8,3,6,9,4,4,8,2,1,3,30
d102,s108,p103,2018,Kayunga,Bukolooto,Bwetyaba RC Primary School,Government,0,0,0,16,10,26,6,2,8,1,0,1,0,0,0,1,0,1,36
d102,s108,p105,2018,Kayunga ,Buyobe,Kanjuki COU Primary School,Government,1,0,1,20,9,29,6,3,9,5,6,11,1,1,2,1,0,1,53
d102,s108,p105,2018,Kayunga ,Buyobe,Kanjuki RC Primary School,Government,0,0,0,6,6,12,1,1,2,0,0,0,0,0,0,2,1,3,17
d102,s108,p105,2018,Kayunga ,Buyobe,Kanjuki UMEA Primary School,Government,0,0,0,10,11,21,8,7,15,2,1,3,1,0,1,0,0,0,40
d102,s108,p106,2018,Kayunga ,Nsotoka,Nsotoka Islamic Primary School,Private,0,0,0,19,10,29,3,3,6,2,1,3,0,0,0,0,0,0,38
d102,s108,p103,2018,Kayunga,Bukolooto,Lion of Judah Primary School,Private,8,4,12,7,6,13,0,0,0,0,0,0,0,0,0,0,0,0,25
d102,s108,p106,2018,Kayunga ,Nsotoka,Kiwooza COU Primary School,Government,0,0,0,5,2,7,7,8,15,5,5,10,7,7,14,2,1,3,49
d102,s108,p106,2018,Kayunga ,Nsotoka,Mataba Muslim Quran School,Private,2,1,3,13,10,23,3,6,9,4,3,7,2,3,5,1,1,2,49
d102,s108,p105,2018,Kayunga ,Buyobe,Kyanya COU Primary School,Government,0,0,0,5,5,10,6,8,14,3,2,5,16,20,36,0,0,0,65
d102,s108,p101,2018,Kayunga ,Bubajjwe,Mugema Primary School, Government,2,1,3,25,29,54,10,13,23,3,3,6,2,1,3,1,0,1,90
d102,s108,p104,2018,Kayunga ,Nakaseeta,Nakaziba COU Primary School, Government,0,0,0,4,3,7,4,3,7,4,3,7,5,5,10,0,1,1,32
d102,s108,p106,2018,Kayunga ,Nsotoka,Namulanda COU  Primary School,Government,1,0,1,4,5,9,4,4,8,5,5,10,3,3,6,1,0,1,35
d102,s108,p106,2018,Kayunga ,Nsotoka,Namulanda RC Primary School,Government,0,0,0,2,2,4,3,3,6,7,6,13,5,4,9,0,0,0,32
d102,s108,p103,2018,Kayunga ,Bukolooto,St. Anthony G. Junior school,Private,7,7,14,20,16,36,3,3,6,1,0,1,0,0,0,0,0,0,f
d102,s109,p148,2018,Kayunga tc,Namagabi ward,Kayunga Girls Primary School,Government,7,4,11,10,14,24,0,0,0,0,0,0,0,0,0,1,0,1,36
d102,s109,p148,2018,Kayunga tc,Namagabi ward,Kayunga Mixed Primary School,Government,0,0,0,5,3,8,10,7,17,5,3,8,0,0,0,0,0,0,33
d102,s109,p148,2018,Kayunga tc,Namagabi ward,Namagabi Bishop Brown Primary School,Government,0,1,1,16,10,26,3,4,7,0,1,1,0,0,0,0,1,1,36
d102,s109,p148,2018,Kayunga tc,Namagabi ward,Namagabi UMEA Primary School,Government,2,2,4,38,13,51,8,8,16,6,3,9,0,1,1,0,0,0,81
d102,s109,p148,2018,Kayunga tc,Namagabi ward,Ndeeba COU Primary School,Government,5,3,8,10,26,36,2,1,3,1,1,2,0,0,0,1,1,2,51
d102,s109,p145,2018,Kayunga tc,Bukoloto ward,Aunty Vicky Primary School,Private,0,1,1,20,14,34,7,7,14,6,5,11,5,5,10,1,1,2,72
d102,s109,p146,2018,Kayunga tc,Ntenjeru ward,Tente Primary School,Government,7,5,12,16,20,36,2,2,4,0,1,1,0,0,0,0,0,0,53
d102,s104,p144,2018,Kitimbwa,Nakivubo,Bisaka CU Primary School,Government,0,0,0,4,4,8,3,3,6,0,2,2,2,1,3,0,0,0,19
d102,s104,p143,2018,Kitimbwa,Nkokonjeru,Bulawula Primary School,Government,0,0,0,7,11,18,6,2,8,6,10,16,6,6,12,0,0,0,54
d102,s104,p139,2018,Kitimbwa,Kitatya,Kitatya CU  Primary School,Government,2,1,3,15,24,39,5,6,11,8,4,12,4,2,6,0,0,0,71
d102,s104,p139,2018,Kitimbwa,Kitatya,Kitatya RC Primary School,Government,0,0,0,9,5,14,8,5,13,2,3,5,0,1,1,3,0,3,36
d102,s113,p170,2018,Kitimbwa tc,Wabuyinja ward,Kitimbwa CU Primary School,Government,0,0,0,4,3,7,10,3,13,4,4,8,5,5,10,0,0,0,38
d102,s113,p170,2018,Kitimbwa tc,Wabuyinja ward,Kitimbwa Light SDA Primary School,Government,0,0,0,0,0,0,20,19,39,8,10,18,2,2,4,0,0,0,61
d102,s113,p170,2018,Kitimbwa tc,Wabuyinja ward,Kitimbwa RC Primary School ,Government,0,0,0,8,8,16,9,9,18,4,8,12,0,1,1,1,0,1,48
d102,s113,p170,2018,Kitimbwa tc,Wabuyinja ward,Kitimbwa UMEA Primary School,Government,0,0,0,12,5,17,2,2,4,3,3,6,3,0,3,1,1,2,32
d102,s104,p142,2018,Kitimbwa,Kyerima,Kyerima UMEA Primary School,Government,0,0,0,10,13,23,7,5,12,3,0,3,0,0,0,0,0,0,38
d102,s113,p170,2018,Kitimbwa tc,Wabuyinja ward,Kyetume High Primary School,Government,0,1,1,14,10,24,6,10,16,7,7,14,7,7,14,3,2,5,74
d102,s104,p142,2018,Kitimbwa,Kyerima,Nakaseeta COU Primary School,Government,0,0,0,0,2,2,5,2,7,2,1,3,3,3,6,2,1,3,21
d102,s104,p144,2018,Kitimbwa,Nakivubo,Nakivubo COU Primary School,Government,0,0,0,7,0,7,9,10,19,15,5,20,16,10,26,2,2,4,76
d102,s104,p144,2018,Kitimbwa,Nakivubo,Nakivubo UMEA Primary School,Government,0,0,0,0,0,0,0,0,0,0,1,1,6,4,10,3,1,4,15
d102,s104,p142,2018,Kitimbwa,Kyerima,Namabbuga RC Primary School,Government,0,0,0,0,0,0,2,5,7,3,2,5,0,2,2,0,1,1,15
d102,s104,p142,2018,Kitimbwa,Kyerima,Mt. Carmel Primary School,Private,4,1,5,8,14,22,7,8,15,8,4,12,0,2,2,0,0,0,56
d102,s104,p140,2018,Kitimbwa,Namulaba,Namulaba UMEA Primary School, Government,1,0,1,4,5,9,4,3,7,7,7,14,20,23,43,0,2,2,76
d102,s104,p142,2018,Kitimbwa,Kyerima,Nanjwenge COU Primary School,Government,0,0,0,4,1,5,6,5,11,5,7,12,14,10,24,2,0,2,54
d102,s104,p140,2018,Kitimbwa,Namulaba,Nongo CU Primary School Kitimbwa, Government,0,0,0,0,1,1,5,2,7,3,3,6,6,5,11,2,1,3,28
d102,s104,p143,2018,Kitimbwa,Nkokonjeru,Tweyagalire RC Primary School,Government,0,0,0,4,2,6,10,3,13,7,3,10,20,5,25,3,2,5,59
d102,s104,p141,2018,Kitimbwa,Wabwoko,Wabwoko CU Primary School,Government,1,0,1,19,7,26,11,8,19,16,3,19,0,1,1,0,0,0,66
d102,s104,p142,2018,Kitimbwa,Kyerima,Kyerima CU Primary School,Government,1,1,2,12,7,19,10,20,30,6,5,11,0,2,2,0,0,0,64
d102,s106,p132,2018,Nazigo,Bukamba,Bukamba CU Primary School,Government,0,0,0,0,0,0,10,10,20,7,9,16,6,6,12,0,0,0,48
d102,s106,p132,2018,Nazigo,Bukamba,Bukamba Noor Islamic ,Private,0,0,0,3,2,5,7,5,12,19,10,29,10,9,19,1,2,3,68
d102,s106,p133,2018,Nazigo,Kirindi,Kikonyogo Primary School,Government,0,0,0,1,1,2,3,3,6,5,2,7,1,1,2,0,0,0,17
d102,s106,p137,2018,Nazigo,Kimanya,Kimanya COU Primary School,Government,3,1,4,16,10,26,8,9,17,6,11,17,3,2,5,1,0,1,70
d102,s106,p136,2018,Nazigo,Nateeta,St. Anthony Junior School Nazigo,Private,1,1,2,10,11,21,3,3,6,3,1,4,2,3,5,0,0,0,38
d102,s106,p136,2018,Nazigo,Nateeta,Kiribedda CU Primary School,Government,0,0,0,4,2,6,3,3,6,2,4,6,2,2,4,2,0,2,24
d102,s106,p133,2018,Nazigo,Kirindi,Kirindi RC Primary School,Government,0,0,0,2,3,5,0,0,0,0,0,0,5,6,11,0,1,1,17
d102,s106,p134,2018,Nazigo,Nsiima,Kotwe Taqwa Islamic Primary School,Private,4,4,8,10,6,16,0,1,1,2,1,3,0,0,0,0,0,0,28
d102,s106,p132,2018,Nazigo,Bukamba,Kisa Primary School,Government,0,0,0,5,5,10,2,3,5,3,1,4,2,1,3,1,1,2,24
d102,s106,p132,2018,Nazigo,Bukamba,Kiswa RC Primary School,Government,0,0,0,2,1,3,4,7,11,7,5,12,7,4,11,1,1,2,39
d102,s106,p137,2018,Nazigo,Kimanya,Kiziika  CU Primary School,Government,1,0,1,10,14,24,6,4,10,6,3,9,2,1,3,0,0,0,47
d102,s106,p138,2018,Nazigo,Nazigo,Kyampisi COU Primary School,Government,2,0,2,7,6,13,0,0,0,3,5,8,3,3,6,0,0,0,29
d102,s106,p138,2018,Nazigo,Nazigo,Magala RC Primary School,Government,0,0,0,0,0,0,2,2,4,3,1,4,6,6,12,1,1,2,22
d102,s106,p134,2018,Nazigo,Nsiima,Musiitwa UMEA Primary School,Government,5,3,8,19,20,39,7,3,10,5,2,7,0,1,1,0,2,2,67
d102,s106,p138,2018,Nazigo,Nazigo,Nazigo Noor Islamic Primary School,Private,24,20,44,28,10,38,1,0,1,0,0,0,0,0,0,0,0,0,83
d102,s106,p135,2018,Nazigo,Katikanyonyi,Nakatooke RC Primary School,Government,0,0,0,1,0,1,0,0,0,4,2,6,10,3,13,0,0,0,20
d102,s106,p136,2018,Nazigo,Nateeta,Natteta CU Primary School, Government,0,0,0,2,2,4,7,5,12,7,3,10,3,3,6,0,0,0,32
d102,s106,p136,2018,Nazigo,Nateeta,Natteta UMEA Primary School,Government,0,0,0,9,9,18,13,10,23,8,9,17,2,1,3,2,1,3,64
d102,s106,p138,2018,Nazigo,Nazigo,Nazigo Demonstration Primary School,Government,0,0,0,6,4,10,5,5,10,7,2,9,0,1,1,2,0,2,32
d102,s106,p134,2018,Nazigo,Nsiima,Nazigo RC Primary School,Government,2,2,4,50,38,88,7,10,17,6,5,11,1,1,2,1,0,1,123
d102,s106,p134,2018,Nazigo,Nsiima,Nsiima COU Primary School,Government,0,0,0,7,5,12,8,8,16,8,10,18,13,10,23,1,1,2,71
d102,s106,p136,2018,Nazigo,Nateeta,Wabirongo cu Primary School, Government,0,1,1,10,11,21,6,5,11,0,2,2,1,0,1,1,2,3,39
d102,s112,p165,2018,Kangulumira tc,Kangulumira ward,New ABC Devine Foundation,Private,60,14,74,58,40,98,2,2,4,2,2,4,0,0,0,0,0,0,180
d102,s109,p146,2018,Kayunga tc,Ntenjeru ward,St. Regina Primary School ,Private,14,20,34,0,1,1,0,0,0,0,0,0,0,0,0,0,0,0,35
d102,s109,p147,2018,Kayunga tc,Central ward,Hope Primary School,Private,3,2,5,10,18,28,2,1,3,0,0,0,2,1,3,0,0,0,39
d102,s109,p145,2018,Kayunga tc,Bukoloto ward,Star Academy Primary School,Private,2,2,4,10,12,22,2,3,5,1,0,1,2,1,3,0,0,0,35
d102,s109,p148,2018,Kayunga tc,Namagabi ward,Gospel Valley Primary School,Private,18,10,28,0,2,,0,0,0,0,0,0,0,0,0,0,0,0,28